-- phpMyAdmin SQL Dump
-- version 4.0.5
-- http://www.phpmyadmin.net
--
-- Host: 127.0.0.1
-- Generation Time: Sep 07, 2014 at 06:52 AM
-- Server version: 5.5.27
-- PHP Version: 5.4.7

SET SQL_MODE = "NO_AUTO_VALUE_ON_ZERO";
SET time_zone = "+00:00";


/*!40101 SET @OLD_CHARACTER_SET_CLIENT=@@CHARACTER_SET_CLIENT */;
/*!40101 SET @OLD_CHARACTER_SET_RESULTS=@@CHARACTER_SET_RESULTS */;
/*!40101 SET @OLD_COLLATION_CONNECTION=@@COLLATION_CONNECTION */;
/*!40101 SET NAMES utf8 */;

--
-- Database: `pa_icha`
--

DELIMITER $$
--
-- Procedures
--
CREATE DEFINER=`root`@`localhost` PROCEDURE `awalbulan`()
BEGIN
       DECLARE v_finished INTEGER DEFAULT 0;
       DECLARE v_no varchar(100) DEFAULT "";
               
       DECLARE cur1 CURSOR FOR  SELECT `no_telp`  FROM `pegawai` ;
     -- declare NOT FOUND handler
        DECLARE CONTINUE HANDLER 
            FOR NOT FOUND SET v_finished = 1;
     
        OPEN cur1;
     
            get_cur1: LOOP
         
            FETCH cur1 INTO v_no;
            
                IF v_finished = 1 THEN 
                    LEAVE get_cur1;
                END IF;
        INSERT INTO outbox(DestinationNumber,TextDecoded) 
         VALUES (v_no,'Jadwal Telah Tersedia di Portal');   
         END LOOP get_cur1;
 
    	CLOSE cur1;        
END$$

DELIMITER ;

-- --------------------------------------------------------

--
-- Table structure for table `absensi`
--

CREATE TABLE IF NOT EXISTS `absensi` (
  `idabsen` varchar(10) NOT NULL,
  `status_absen` enum('Tidak Hadir','Hadir','Izin') NOT NULL,
  `tgl_absen` date NOT NULL,
  `idpeg_pengganti` varchar(10) NOT NULL,
  `idjadwal` varchar(10) NOT NULL,
  `idpeg` varchar(10) NOT NULL,
  PRIMARY KEY (`idabsen`),
  KEY `FK_absensi_jadwal` (`idjadwal`),
  KEY `FK_absensi_pegawai` (`idpeg`)
) ENGINE=InnoDB DEFAULT CHARSET=latin1;

-- --------------------------------------------------------

--
-- Table structure for table `daemons`
--

CREATE TABLE IF NOT EXISTS `daemons` (
  `Start` text NOT NULL,
  `Info` text NOT NULL
) ENGINE=MyISAM DEFAULT CHARSET=utf8;

-- --------------------------------------------------------

--
-- Table structure for table `gaji`
--

CREATE TABLE IF NOT EXISTS `gaji` (
  `idgaji` varchar(10) NOT NULL,
  `dr_tgl` date NOT NULL,
  `ke_tgl` date NOT NULL,
  `jml_pertemuan` int(2) NOT NULL,
  `totalhonor` int(11) NOT NULL,
  `bonus` int(7) NOT NULL,
  `totalgaji` int(11) NOT NULL,
  `idpeg` varchar(10) NOT NULL,
  PRIMARY KEY (`idgaji`),
  KEY `FK_gaji_pegawai` (`idpeg`)
) ENGINE=InnoDB DEFAULT CHARSET=latin1;

--
-- Dumping data for table `gaji`
--

INSERT INTO `gaji` (`idgaji`, `dr_tgl`, `ke_tgl`, `jml_pertemuan`, `totalhonor`, `bonus`, `totalgaji`, `idpeg`) VALUES
('GJ0001', '2014-08-11', '2014-09-09', 2, 44000, 6000, 50000, 'PEG0001'),
('GJ0002', '2014-08-11', '2014-09-09', 2, 200000, 50000, 250000, 'PEG0002'),
('GJ0003', '2014-08-11', '2014-09-09', 1, 23000, 0, 23000, 'PEG0003'),
('GJ0004', '2014-08-11', '2014-09-09', 2, 45000, 50000, 95000, 'PEG0004'),
('GJ0005', '2014-08-11', '2014-09-09', 1, 100000, 50000, 150000, 'PEG0005'),
('GJ0006', '2014-08-11', '2014-09-09', 2, 44000, 0, 44000, 'PEG0006'),
('GJ0007', '2014-08-11', '2014-09-09', 2, 45000, 20000, 65000, 'PEG0008');

-- --------------------------------------------------------

--
-- Table structure for table `gammu`
--

CREATE TABLE IF NOT EXISTS `gammu` (
  `Version` int(11) NOT NULL DEFAULT '0'
) ENGINE=MyISAM DEFAULT CHARSET=utf8;

--
-- Dumping data for table `gammu`
--

INSERT INTO `gammu` (`Version`) VALUES
(13);

-- --------------------------------------------------------

--
-- Table structure for table `inbox`
--

CREATE TABLE IF NOT EXISTS `inbox` (
  `UpdatedInDB` timestamp NOT NULL DEFAULT CURRENT_TIMESTAMP ON UPDATE CURRENT_TIMESTAMP,
  `ReceivingDateTime` timestamp NOT NULL DEFAULT '0000-00-00 00:00:00',
  `Text` text NOT NULL,
  `SenderNumber` varchar(20) NOT NULL DEFAULT '',
  `Coding` enum('Default_No_Compression','Unicode_No_Compression','8bit','Default_Compression','Unicode_Compression') NOT NULL DEFAULT 'Default_No_Compression',
  `UDH` text NOT NULL,
  `SMSCNumber` varchar(20) NOT NULL DEFAULT '',
  `Class` int(11) NOT NULL DEFAULT '-1',
  `TextDecoded` text NOT NULL,
  `ID` int(10) unsigned NOT NULL AUTO_INCREMENT,
  `RecipientID` text NOT NULL,
  `Processed` enum('false','true') NOT NULL DEFAULT 'false',
  PRIMARY KEY (`ID`)
) ENGINE=MyISAM  DEFAULT CHARSET=utf8 AUTO_INCREMENT=59 ;

--
-- Dumping data for table `inbox`
--

INSERT INTO `inbox` (`UpdatedInDB`, `ReceivingDateTime`, `Text`, `SenderNumber`, `Coding`, `UDH`, `SMSCNumber`, `Class`, `TextDecoded`, `ID`, `RecipientID`, `Processed`) VALUES
('2014-08-30 14:00:00', '2014-07-14 10:17:35', '00410079006F0020006B006900720069006D0020007400650072007500730020003400200053004D00530020007300640020006A0061006D002000320033002E0035003900200062006F006E00750073002000320030003000200073006D0073002000740065006C006B006F006D00730065006C002000430065006B00200062006F006E007500730020002A00380038003900230020002E00200049006E0066006F0020003A00200068007400740070003A002F002F007400730065006C002E006D0065002F00700065007200640061006E006100730069006D0050004100540049002000200068007500620075006E00670069002000630061006C006C002000630065006E0074006500720020003A0020003100380038', 'TELKOMSEL', 'Default_No_Compression', '', '+6281100000', 1, 'Ayo kirim terus 4 SMS sd jam 23.59 bonus 200 sms telkomsel Cek bonus *889# . Info : http://tsel.me/perdanasimPATI  hubungi call center : 188', 1, '', 'true'),
('2014-09-06 08:33:51', '2014-07-14 10:58:00', '005400790075007400660067007A006200620064006A', '+628983865323', 'Default_No_Compression', '', '+628964011098', -1, 'Tyutfgzbbdj', 2, '', 'true'),
('2014-08-30 14:00:00', '2014-07-20 09:28:27', '00490079006100610061', '+628983865323', 'Default_No_Compression', '', '+6289644000001', -1, 'Iyaaa', 3, '', 'true'),
('2014-08-30 14:00:00', '2014-07-20 09:31:19', '00410079006F0020006B006900720069006D0020007400650072007500730020003400200053004D00530020007300640020006A0061006D002000310036002E0035003900200062006F006E007500730020003100300030003000200073006D0073002000740065006C006B006F006D00730065006C002000430065006B00200062006F006E007500730020002A00380038003900230020002E00200049006E0066006F0020003A00200068007400740070003A002F002F007400730065006C002E006D0065002F00700065007200640061006E006100730069006D0050004100540049002000200068007500620075006E00670069002000630061006C006C002000630065006E0074006500720020003A0020003100380038', 'TELKOMSEL', 'Default_No_Compression', '', '+6281100000', 1, 'Ayo kirim terus 4 SMS sd jam 16.59 bonus 1000 sms telkomsel Cek bonus *889# . Info : http://tsel.me/perdanasimPATI  hubungi call center : 188', 4, '', 'true'),
('2014-09-06 08:34:35', '2014-07-20 14:53:15', '004800610069', '+6285335038290', 'Default_No_Compression', '', '+6281100000', -1, 'Hai', 5, '', 'true'),
('2014-09-06 10:15:03', '2014-07-20 14:53:29', '0057006F0079006F', '+6285335038290', 'Default_No_Compression', '', '+6281100000', -1, 'Woyo', 6, '', 'true'),
('2014-09-06 10:15:03', '2014-07-20 14:54:01', '004C006F006C006F006C006F', '+6285335038290', 'Default_No_Compression', '', '+6281100000', -1, 'Lololo', 7, '', 'true'),
('2014-08-30 14:00:00', '2014-07-20 14:54:02', '004C006F006C006F006C006F', '+6285335038290', 'Default_No_Compression', '', '+6281100000', -1, 'Lololo', 8, '', 'true'),
('2014-08-30 14:00:00', '2014-07-20 15:14:07', '0041006B007500200073006100790061006E00670020006B0061006D007500200061006400690074', '+6285335038290', 'Default_No_Compression', '', '+6281100000', -1, 'Aku sayang kamu adit', 9, '', 'true'),
('2014-08-30 14:00:00', '2014-07-20 15:14:29', '0041006B0075002000630069006E007400610020006B0061006D0075002000610064006900740020003C0033', '+6285335038290', 'Default_No_Compression', '', '+6281100000', -1, 'Aku cinta kamu adit <3', 10, '', 'true'),
('2014-08-30 14:00:00', '2014-07-20 15:15:24', '0041006B007500200074007200650073006E006F0020006B00610072006F0020006B006F00770065', '+6285335038290', 'Default_No_Compression', '', '+6281100000', -1, 'Aku tresno karo kowe', 11, '', 'true'),
('2014-08-30 14:00:00', '2014-07-20 15:51:08', '004C0061006C0061006C0061', '+6285335038290', 'Default_No_Compression', '', '+6281100000', -1, 'Lalala', 12, '', 'true'),
('2014-09-03 16:51:10', '2014-09-03 16:51:09', '0057006F006F006F006F00790020006B006500620061006E00790061006B0061006E', '+628983865323', 'Default_No_Compression', '', '+6289644000001', -1, 'Wooooy kebanyakan', 51, '', 'true'),
('2014-09-04 07:09:28', '2014-09-04 07:08:30', '0055004200410048005F004A0041004400570041004C', '+6285335038290', 'Default_No_Compression', '', '+62811078801', -1, 'UBAH_JADWAL', 52, '', 'true'),
('2014-09-06 08:50:00', '2014-09-06 08:49:59', '00410079006F0020006B006900720069006D0020007400650072007500730020003400200053004D00530020007300640020006A0061006D002000310036002E0035003900200062006F006E007500730020003100300030003000200073006D0073002000740065006C006B006F006D00730065006C002000430065006B00200062006F006E007500730020002A00380038003900230020002E00200049006E0066006F0020003A00200068007400740070003A002F002F007400730065006C002E006D0065002F00700065007200640061006E006100730069006D0050004100540049002000200068007500620075006E00670069002000630061006C006C002000630065006E0074006500720020003A0020003100380038', 'TELKOMSEL', 'Default_No_Compression', '', '+6281100000', 1, 'Ayo kirim terus 4 SMS sd jam 16.59 bonus 1000 sms telkomsel Cek bonus *889# . Info : http://tsel.me/perdanasimPATI  hubungi call center : 188', 53, '', 'true'),
('2014-09-06 10:28:24', '2014-09-06 10:07:55', '00470041004E00540049', '+6285335038290', 'Default_No_Compression', '', '+62811078801', -1, 'GANTI#sad', 54, '', 'true'),
('2014-09-06 10:29:58', '2014-09-06 10:29:54', '004D00610073002C002000690020006C006F0076006500200079006F0075', '+6285335038290', 'Default_No_Compression', '', '+62811078801', -1, 'Mas, i love you', 55, '', 'true'),
('2014-09-06 10:56:01', '2014-09-06 10:31:33', '00470041004E00540049', '+6285335038290', 'Default_No_Compression', '', '+62811078801', -1, 'GANTI', 56, '', 'true'),
('2014-09-06 11:48:09', '2014-09-06 11:47:59', '0055004200410048002D', '+6285335038290', 'Default_No_Compression', '', '+62811078801', -1, 'UBAH-', 57, '', 'true'),
('2014-09-06 11:48:53', '2014-09-06 11:48:46', '0049005A0049004E', '+6285335038290', 'Default_No_Compression', '', '+62811078801', -1, 'IZIN', 58, '', 'true');

--
-- Triggers `inbox`
--
DROP TRIGGER IF EXISTS `inbox_timestamp`;
DELIMITER //
CREATE TRIGGER `inbox_timestamp` BEFORE INSERT ON `inbox`
 FOR EACH ROW BEGIN
    IF NEW.ReceivingDateTime = '0000-00-00 00:00:00' THEN
        SET NEW.ReceivingDateTime = CURRENT_TIMESTAMP();
    END IF;
END
//
DELIMITER ;

-- --------------------------------------------------------

--
-- Table structure for table `jadwal`
--

CREATE TABLE IF NOT EXISTS `jadwal` (
  `idjadwal` varchar(10) NOT NULL,
  `tanggal` date NOT NULL,
  `jam` varchar(15) NOT NULL,
  `periode_tgl` int(2) NOT NULL,
  `idslot` int(11) DEFAULT NULL,
  `idruang` varchar(10) NOT NULL,
  `idsubprog` varchar(10) DEFAULT NULL,
  PRIMARY KEY (`idjadwal`),
  KEY `FK_jadwal_ruang` (`idruang`),
  KEY `FK_jadwal_subprogram` (`idsubprog`),
  KEY `FK_jadwal_slot` (`idslot`)
) ENGINE=InnoDB DEFAULT CHARSET=latin1;

--
-- Dumping data for table `jadwal`
--

INSERT INTO `jadwal` (`idjadwal`, `tanggal`, `jam`, `periode_tgl`, `idslot`, `idruang`, `idsubprog`) VALUES
('JAD01', '2014-09-08', '06.00', 10, 9, 'RA0130', 'SPR01'),
('JAD02', '2014-09-08', '06.30', 10, 10, 'RA0129', 'SPR02');

-- --------------------------------------------------------

--
-- Table structure for table `kesediaan`
--

CREATE TABLE IF NOT EXISTS `kesediaan` (
  `status_sedia` enum('Ya','Tidak') NOT NULL,
  `status_admin` enum('Ya','Tidak') NOT NULL,
  `idpeg` varchar(10) NOT NULL,
  `tgl_sedia` date NOT NULL,
  `idjadwal` varchar(10) NOT NULL,
  KEY `FK_kesediaan_pegawai` (`idpeg`),
  KEY `FK_kesediaan_jadwal` (`idjadwal`)
) ENGINE=InnoDB DEFAULT CHARSET=latin1;

-- --------------------------------------------------------

--
-- Table structure for table `list_nominal`
--

CREATE TABLE IF NOT EXISTS `list_nominal` (
  `idlistnominal` varchar(10) NOT NULL,
  `lisnominal` int(11) NOT NULL,
  `idsubprog` varchar(10) NOT NULL,
  PRIMARY KEY (`idlistnominal`),
  KEY `FK_list_nominal_subprogram` (`idsubprog`)
) ENGINE=InnoDB DEFAULT CHARSET=latin1;

--
-- Dumping data for table `list_nominal`
--

INSERT INTO `list_nominal` (`idlistnominal`, `lisnominal`, `idsubprog`) VALUES
('LS001', 20000, 'SPR01'),
('LS002', 21000, 'SPR02'),
('LS003', 22000, 'SPR03'),
('LS004', 23000, 'SPR04'),
('LS005', 23000, 'SPR05'),
('LS006', 24000, 'SPR06'),
('LS008', 100000, 'SPR07');

-- --------------------------------------------------------

--
-- Table structure for table `memiliki`
--

CREATE TABLE IF NOT EXISTS `memiliki` (
  `idmemiliki` varchar(10) NOT NULL,
  `idpeg` varchar(10) NOT NULL,
  `idlistnominal` varchar(10) NOT NULL,
  PRIMARY KEY (`idmemiliki`),
  KEY `FK_memiliki_pegawai` (`idpeg`),
  KEY `FK_memiliki_list__nominal` (`idlistnominal`)
) ENGINE=InnoDB DEFAULT CHARSET=latin1;

--
-- Dumping data for table `memiliki`
--

INSERT INTO `memiliki` (`idmemiliki`, `idpeg`, `idlistnominal`) VALUES
('MEL001', 'PEG0001', 'LS001'),
('MEL002', 'PEG0002', 'LS002'),
('MEL003', 'PEG0003', 'LS003'),
('MEL004', 'PEG0004', 'LS004'),
('MEL005', 'PEG0005', 'LS008'),
('MEL006', 'PEG0006', 'LS005'),
('MEL007', 'PEG0007', 'LS006');

-- --------------------------------------------------------

--
-- Table structure for table `outbox`
--

CREATE TABLE IF NOT EXISTS `outbox` (
  `UpdatedInDB` timestamp NOT NULL DEFAULT CURRENT_TIMESTAMP ON UPDATE CURRENT_TIMESTAMP,
  `InsertIntoDB` timestamp NOT NULL DEFAULT '0000-00-00 00:00:00',
  `SendingDateTime` timestamp NOT NULL DEFAULT '0000-00-00 00:00:00',
  `SendBefore` time NOT NULL DEFAULT '23:59:59',
  `SendAfter` time NOT NULL DEFAULT '00:00:00',
  `Text` text,
  `DestinationNumber` varchar(20) NOT NULL DEFAULT '',
  `Coding` enum('Default_No_Compression','Unicode_No_Compression','8bit','Default_Compression','Unicode_Compression') NOT NULL DEFAULT 'Default_No_Compression',
  `UDH` text,
  `Class` int(11) DEFAULT '-1',
  `TextDecoded` text NOT NULL,
  `ID` int(10) unsigned NOT NULL AUTO_INCREMENT,
  `MultiPart` enum('false','true') DEFAULT 'false',
  `RelativeValidity` int(11) DEFAULT '-1',
  `SenderID` varchar(255) DEFAULT NULL,
  `SendingTimeOut` timestamp NULL DEFAULT '0000-00-00 00:00:00',
  `DeliveryReport` enum('default','yes','no') DEFAULT 'default',
  `CreatorID` text NOT NULL,
  PRIMARY KEY (`ID`),
  KEY `outbox_date` (`SendingDateTime`,`SendingTimeOut`),
  KEY `outbox_sender` (`SenderID`)
) ENGINE=MyISAM  DEFAULT CHARSET=utf8 AUTO_INCREMENT=1090 ;

--
-- Triggers `outbox`
--
DROP TRIGGER IF EXISTS `outbox_timestamp`;
DELIMITER //
CREATE TRIGGER `outbox_timestamp` BEFORE INSERT ON `outbox`
 FOR EACH ROW BEGIN
    IF NEW.InsertIntoDB = '0000-00-00 00:00:00' THEN
        SET NEW.InsertIntoDB = CURRENT_TIMESTAMP();
    END IF;
    IF NEW.SendingDateTime = '0000-00-00 00:00:00' THEN
        SET NEW.SendingDateTime = CURRENT_TIMESTAMP();
    END IF;
    IF NEW.SendingTimeOut = '0000-00-00 00:00:00' THEN
        SET NEW.SendingTimeOut = CURRENT_TIMESTAMP();
    END IF;
END
//
DELIMITER ;

-- --------------------------------------------------------

--
-- Table structure for table `outbox_multipart`
--

CREATE TABLE IF NOT EXISTS `outbox_multipart` (
  `Text` text,
  `Coding` enum('Default_No_Compression','Unicode_No_Compression','8bit','Default_Compression','Unicode_Compression') NOT NULL DEFAULT 'Default_No_Compression',
  `UDH` text,
  `Class` int(11) DEFAULT '-1',
  `TextDecoded` text,
  `ID` int(10) unsigned NOT NULL DEFAULT '0',
  `SequencePosition` int(11) NOT NULL DEFAULT '1',
  PRIMARY KEY (`ID`,`SequencePosition`)
) ENGINE=MyISAM DEFAULT CHARSET=utf8;

-- --------------------------------------------------------

--
-- Table structure for table `pbk`
--

CREATE TABLE IF NOT EXISTS `pbk` (
  `ID` int(11) NOT NULL AUTO_INCREMENT,
  `GroupID` int(11) NOT NULL DEFAULT '-1',
  `Name` text NOT NULL,
  `Number` text NOT NULL,
  PRIMARY KEY (`ID`)
) ENGINE=MyISAM DEFAULT CHARSET=utf8 AUTO_INCREMENT=1 ;

-- --------------------------------------------------------

--
-- Table structure for table `pbk_groups`
--

CREATE TABLE IF NOT EXISTS `pbk_groups` (
  `Name` text NOT NULL,
  `ID` int(11) NOT NULL AUTO_INCREMENT,
  PRIMARY KEY (`ID`)
) ENGINE=MyISAM DEFAULT CHARSET=utf8 AUTO_INCREMENT=1 ;

-- --------------------------------------------------------

--
-- Table structure for table `pegawai`
--

CREATE TABLE IF NOT EXISTS `pegawai` (
  `idpeg` varchar(10) NOT NULL,
  `nama` varchar(50) NOT NULL,
  `alamat` varchar(50) NOT NULL,
  `tmpt_lahir` varchar(20) NOT NULL,
  `tgl_lahir` date NOT NULL,
  `no_telp` varchar(12) NOT NULL,
  `status` varchar(6) NOT NULL,
  `stat_peg` varchar(15) NOT NULL,
  `username` varchar(40) NOT NULL,
  `password` varchar(50) NOT NULL,
  PRIMARY KEY (`idpeg`),
  UNIQUE KEY `username` (`username`)
) ENGINE=InnoDB DEFAULT CHARSET=latin1;

--
-- Dumping data for table `pegawai`
--

INSERT INTO `pegawai` (`idpeg`, `nama`, `alamat`, `tmpt_lahir`, `tgl_lahir`, `no_telp`, `status`, `stat_peg`, `username`, `password`) VALUES
('PEG0001', 'Ledy Frisca Dessy Lestari', 'Jl anggrek 19 pare Kediri', 'Kediri', '1992-12-02', '085335038290', 'Tutor', 'Aktif', 'icha', 'icha'),
('PEG0002', 'Lidya Nurinnahar', 'Jl. Anggrek 19 Pare Kediri Jawa Timur', 'Kediri', '1996-08-18', '09876543', 'Office', 'Aktif', 'lalala', 'lalala'),
('PEG0003', 'Istigh Fariana', 'Jl. Rahayu Dalam 20 Pare Kediri', 'Kediri', '1993-08-23', '0987655677', 'Tutor', 'Aktif', 'istigh', 'tes'),
('PEG0004', 'Latifah Purwaningtyas', 'Jl Gegono manis Gg III/5 Madiun', 'Kediri', '1995-08-01', '087456123870', 'Tutor', 'Aktif', 'iffa', 'iffa'),
('PEG0005', 'Adiyat Mubarak', 'Lawang Malang', 'Malang', '1992-12-08', '08983865323', 'Admin', 'Aktif', 'adit', 'adit'),
('PEG0006', 'Gafari Dani Kurniawan', 'Jl. Asri Tengah Gg I/19 Madiun ', 'Madiun', '2000-12-21', '085478978567', 'Tutor', 'Aktif', 'dani', 'dani'),
('PEG0007', 'Fitrania Yunsafa Cahayani', 'Jl. Matahari 205 Tulungrejo Pare Kediri', 'Kediri', '1999-06-20', '098765432', 'Office', 'Aktif', 'fitrania', 'tya'),
('PEG0008', 'Andra', 'Bandung', 'Bandung', '1990-09-02', '09878987878', 'Tutor', 'Aktif', 'andra', 'andra'),
('PEG0009', 'Francisca Lady', 'Bandung', 'Bandung', '1993-08-20', '089754678655', 'Tutor', 'Aktif', 'ica', 'ica'),
('PEG0010', 'jaka', 'jakarta', 'jakarta', '1991-09-11', '089739182749', 'Office', 'Aktif', 'jaka', 'jaka');

-- --------------------------------------------------------

--
-- Table structure for table `phones`
--

CREATE TABLE IF NOT EXISTS `phones` (
  `ID` text NOT NULL,
  `UpdatedInDB` timestamp NOT NULL DEFAULT CURRENT_TIMESTAMP ON UPDATE CURRENT_TIMESTAMP,
  `InsertIntoDB` timestamp NOT NULL DEFAULT '0000-00-00 00:00:00',
  `TimeOut` timestamp NOT NULL DEFAULT '0000-00-00 00:00:00',
  `Send` enum('yes','no') NOT NULL DEFAULT 'no',
  `Receive` enum('yes','no') NOT NULL DEFAULT 'no',
  `IMEI` varchar(35) NOT NULL,
  `Client` text NOT NULL,
  `Battery` int(11) NOT NULL DEFAULT '-1',
  `Signal` int(11) NOT NULL DEFAULT '-1',
  `Sent` int(11) NOT NULL DEFAULT '0',
  `Received` int(11) NOT NULL DEFAULT '0',
  PRIMARY KEY (`IMEI`)
) ENGINE=MyISAM DEFAULT CHARSET=utf8;

--
-- Dumping data for table `phones`
--

INSERT INTO `phones` (`ID`, `UpdatedInDB`, `InsertIntoDB`, `TimeOut`, `Send`, `Receive`, `IMEI`, `Client`, `Battery`, `Signal`, `Sent`, `Received`) VALUES
('', '2014-09-06 18:08:37', '2014-09-06 11:47:19', '2014-09-06 18:08:47', 'yes', 'yes', '354429043458564', 'Gammu 1.33.0, Windows Server 2007, GCC 4.7, MinGW 3.11', 0, 24, 3, 2);

--
-- Triggers `phones`
--
DROP TRIGGER IF EXISTS `phones_timestamp`;
DELIMITER //
CREATE TRIGGER `phones_timestamp` BEFORE INSERT ON `phones`
 FOR EACH ROW BEGIN
    IF NEW.InsertIntoDB = '0000-00-00 00:00:00' THEN
        SET NEW.InsertIntoDB = CURRENT_TIMESTAMP();
    END IF;
    IF NEW.TimeOut = '0000-00-00 00:00:00' THEN
        SET NEW.TimeOut = CURRENT_TIMESTAMP();
    END IF;
END
//
DELIMITER ;

-- --------------------------------------------------------

--
-- Table structure for table `program`
--

CREATE TABLE IF NOT EXISTS `program` (
  `idprogram` varchar(10) NOT NULL,
  `nmprogram` varchar(40) NOT NULL,
  PRIMARY KEY (`idprogram`)
) ENGINE=InnoDB DEFAULT CHARSET=latin1;

--
-- Dumping data for table `program`
--

INSERT INTO `program` (`idprogram`, `nmprogram`) VALUES
('EF582', 'Efast & Scoring Toefl'),
('GR252', 'Grammar'),
('GS209', 'Grammar for Speaking'),
('OP213', 'Office'),
('PR252', 'Pronunciation'),
('SP253', 'Speaking'),
('TO367', 'English Grammar for ITP'),
('VC324', 'Vocabulary');

-- --------------------------------------------------------

--
-- Table structure for table `ruang`
--

CREATE TABLE IF NOT EXISTS `ruang` (
  `idruang` varchar(10) NOT NULL,
  `namaruang` varchar(15) NOT NULL,
  PRIMARY KEY (`idruang`)
) ENGINE=InnoDB DEFAULT CHARSET=latin1;

--
-- Dumping data for table `ruang`
--

INSERT INTO `ruang` (`idruang`, `namaruang`) VALUES
('RA0129', 'Ruang 1'),
('RA0130', 'Ruang 2'),
('RA0131', 'Ruang 3'),
('RA0132', 'Ruang 4'),
('RA0133', 'Ruang 5'),
('RA0134', 'Ruang 6'),
('RA0135', 'Ruang 7'),
('RA0136', 'Ruang 8'),
('RA0137', 'Ruang 9'),
('RA0138', 'Office'),
('RA0139', 'Ruang 10');

-- --------------------------------------------------------

--
-- Table structure for table `sentitems`
--

CREATE TABLE IF NOT EXISTS `sentitems` (
  `UpdatedInDB` timestamp NOT NULL DEFAULT CURRENT_TIMESTAMP ON UPDATE CURRENT_TIMESTAMP,
  `InsertIntoDB` timestamp NOT NULL DEFAULT '0000-00-00 00:00:00',
  `SendingDateTime` timestamp NOT NULL DEFAULT '0000-00-00 00:00:00',
  `DeliveryDateTime` timestamp NULL DEFAULT NULL,
  `Text` text NOT NULL,
  `DestinationNumber` varchar(20) NOT NULL DEFAULT '',
  `Coding` enum('Default_No_Compression','Unicode_No_Compression','8bit','Default_Compression','Unicode_Compression') NOT NULL DEFAULT 'Default_No_Compression',
  `UDH` text NOT NULL,
  `SMSCNumber` varchar(20) NOT NULL DEFAULT '',
  `Class` int(11) NOT NULL DEFAULT '-1',
  `TextDecoded` text NOT NULL,
  `ID` int(10) unsigned NOT NULL DEFAULT '0',
  `SenderID` varchar(255) NOT NULL,
  `SequencePosition` int(11) NOT NULL DEFAULT '1',
  `Status` enum('SendingOK','SendingOKNoReport','SendingError','DeliveryOK','DeliveryFailed','DeliveryPending','DeliveryUnknown','Error') NOT NULL DEFAULT 'SendingOK',
  `StatusError` int(11) NOT NULL DEFAULT '-1',
  `TPMR` int(11) NOT NULL DEFAULT '-1',
  `RelativeValidity` int(11) NOT NULL DEFAULT '-1',
  `CreatorID` text NOT NULL,
  PRIMARY KEY (`ID`,`SequencePosition`),
  KEY `sentitems_date` (`DeliveryDateTime`),
  KEY `sentitems_tpmr` (`TPMR`),
  KEY `sentitems_dest` (`DestinationNumber`),
  KEY `sentitems_sender` (`SenderID`)
) ENGINE=MyISAM DEFAULT CHARSET=utf8;

--
-- Dumping data for table `sentitems`
--

INSERT INTO `sentitems` (`UpdatedInDB`, `InsertIntoDB`, `SendingDateTime`, `DeliveryDateTime`, `Text`, `DestinationNumber`, `Coding`, `UDH`, `SMSCNumber`, `Class`, `TextDecoded`, `ID`, `SenderID`, `SequencePosition`, `Status`, `StatusError`, `TPMR`, `RelativeValidity`, `CreatorID`) VALUES
('2014-09-04 07:09:58', '2014-09-04 07:09:58', '2014-09-04 07:09:58', NULL, '0054006500720069006D00610020004B006100730069006800200061006B0061006E00200073006500670065007200610020006B0061006D0069002000700072006F007300650073', '+6285335038290', 'Default_No_Compression', '', '+6281100000', -1, 'Terima Kasih akan segera kami proses', 1028, '', 1, 'SendingOKNoReport', -1, 226, 255, ''),
('2014-09-04 07:10:07', '2014-09-04 07:10:07', '2014-09-04 07:10:07', NULL, '0054006500720069006D00610020004B006100730069006800200061006B0061006E00200073006500670065007200610020006B0061006D0069002000700072006F007300650073', '+6285335038290', 'Default_No_Compression', '', '+6281100000', -1, 'Terima Kasih akan segera kami proses', 1029, '', 1, 'SendingOKNoReport', -1, 227, 255, ''),
('2014-09-04 07:09:49', '2014-09-04 07:09:49', '2014-09-04 07:09:49', NULL, '0054006500720069006D00610020004B006100730069006800200061006B0061006E00200073006500670065007200610020006B0061006D0069002000700072006F007300650073', '+6285335038290', 'Default_No_Compression', '', '+6281100000', -1, 'Terima Kasih akan segera kami proses', 1027, '', 1, 'SendingOKNoReport', -1, 225, 255, ''),
('2014-09-04 07:09:40', '2014-09-04 07:09:40', '2014-09-04 07:09:40', NULL, '0054006500720069006D00610020004B006100730069006800200061006B0061006E00200073006500670065007200610020006B0061006D0069002000700072006F007300650073', '+6285335038290', 'Default_No_Compression', '', '+6281100000', -1, 'Terima Kasih akan segera kami proses', 1026, '', 1, 'SendingOKNoReport', -1, 224, 255, ''),
('2014-09-04 07:09:22', '2014-09-04 07:09:22', '2014-09-04 07:09:22', NULL, '0054006500720069006D00610020004B006100730069006800200061006B0061006E00200073006500670065007200610020006B0061006D0069002000700072006F007300650073', '+6285335038290', 'Default_No_Compression', '', '+6281100000', -1, 'Terima Kasih akan segera kami proses', 1024, '', 1, 'SendingOKNoReport', -1, 222, 255, ''),
('2014-09-04 07:09:31', '2014-09-04 07:09:31', '2014-09-04 07:09:31', NULL, '0054006500720069006D00610020004B006100730069006800200061006B0061006E00200073006500670065007200610020006B0061006D0069002000700072006F007300650073', '+6285335038290', 'Default_No_Compression', '', '+6281100000', -1, 'Terima Kasih akan segera kami proses', 1025, '', 1, 'SendingOKNoReport', -1, 223, 255, ''),
('2014-08-24 13:37:37', '2014-08-24 13:37:37', '2014-08-24 13:37:37', NULL, '0055006E00740075006B0020006200650073006F006B002000740061006E006700670061006C00200032003000310034002D00300038002D0032003500200061006E0064006100200064006900740075006E006A0075006B00200073006500620061006700610069002000700065006E006700670061006E00740069002C002000620061006C00610073002000640065006E00670061006E00200066006F0072006D00610074000D000A0020002000200020002000200020002000200020002000200020002000200020002000200020002000470041004E00540049002D00490044005F0041004E00440041002D005300500052003000360020006A0069006B00610020006D0065006E0079006500740075006A00750069002E', '085335038290', 'Default_No_Compression', '', '+6281100000', -1, 'Untuk besok tanggal 2014-08-25 anda ditunjuk sebagai pengganti, balas dengan format\r\n                    GANTI-ID_ANDA-SPR06 jika menyetujui.', 13, '', 1, 'SendingOKNoReport', -1, 28, 255, ''),
('2014-08-24 13:37:41', '2014-08-24 13:37:41', '2014-08-24 13:37:41', NULL, '0055006E00740075006B0020006200650073006F006B002000740061006E006700670061006C00200032003000310034002D00300038002D0032003500200061006E0064006100200064006900740075006E006A0075006B00200073006500620061006700610069002000700065006E006700670061006E00740069002C002000620061006C00610073002000640065006E00670061006E00200066006F0072006D00610074000D000A0020002000200020002000200020002000200020002000200020002000200020002000200020002000470041004E00540049002D00490044005F0041004E00440041002D005300500052003000360020006A0069006B00610020006D0065006E0079006500740075006A00750069002E', '08983865323', 'Default_No_Compression', '', '+6281100000', -1, 'Untuk besok tanggal 2014-08-25 anda ditunjuk sebagai pengganti, balas dengan format\r\n                    GANTI-ID_ANDA-SPR06 jika menyetujui.', 14, '', 1, 'SendingOKNoReport', -1, 29, 255, ''),
('2014-08-24 13:41:47', '2014-08-24 13:41:47', '2014-08-24 13:41:47', NULL, '0055006E00740075006B0020006200650073006F006B002000740061006E006700670061006C00200032003000310034002D00300038002D0032003500200061006E0064006100200064006900740075006E006A0075006B00200073006500620061006700610069002000700065006E006700670061006E00740069002C002000620061006C00610073002000640065006E00670061006E00200066006F0072006D00610074002000470041004E00540049002D00490044005F0041004E00440041002D005300500052003000330020006A0069006B00610020006D0065006E0079006500740075006A00750069002E', '085335038290', 'Default_No_Compression', '', '+6281100000', -1, 'Untuk besok tanggal 2014-08-25 anda ditunjuk sebagai pengganti, balas dengan format GANTI-ID_ANDA-SPR03 jika menyetujui.', 15, '', 1, 'SendingOKNoReport', -1, 30, 255, ''),
('2014-08-24 13:49:22', '2014-08-24 13:49:22', '2014-08-24 13:49:22', NULL, '004200650073006F006B002000740061006E006700670061006C00200032003000310034002D00300038002D00320035002000700075006B0075006C002000300036002E00300030002C00200061006E0064006100200064006900740075006E006A0075006B00200073006500620061006700610069002000700065006E006700670061006E007400690020006400690020006B0065006C0061007300200056006F0063006100620075006C00610072007900200049002C002000620061006C00610073002000640065006E00670061006E00200066006F0072006D00610074002000470041004E00540049002D00490044005F0041004E00440041002D005300500052003000330020006A0069006B00610020006D0065006E0079006500740075006A00750069002E', '085335038290', 'Default_No_Compression', '', '+6281100000', -1, 'Besok tanggal 2014-08-25 pukul 06.00, anda ditunjuk sebagai pengganti di kelas Vocabulary I, balas dengan format GANTI-ID_ANDA-SPR03 jika menyetujui.', 16, '', 1, 'SendingOKNoReport', -1, 31, 255, ''),
('2014-08-24 15:00:18', '2014-08-24 15:00:18', '2014-08-24 15:00:18', NULL, '004A0061006400770061006C00200061006E00640061002000740065006C00610068002000740065007200730065006400690061002E002000530069006C00610068006B0061006E002000630065006B0020006D0065006C0061006C0075006900200070006F007200740061006C002E', '085335038290', 'Default_No_Compression', '', '+6281100000', -1, 'Jadwal anda telah tersedia. Silahkan cek melalui portal.', 17, '', 1, 'SendingOKNoReport', -1, 32, 255, ''),
('2014-08-24 15:00:21', '2014-08-24 15:00:21', '2014-08-24 15:00:21', NULL, '004A0061006400770061006C00200061006E00640061002000740065006C00610068002000740065007200730065006400690061002E002000530069006C00610068006B0061006E002000630065006B0020006D0065006C0061006C0075006900200070006F007200740061006C002E', '0987655677', 'Default_No_Compression', '', '+6281100000', -1, 'Jadwal anda telah tersedia. Silahkan cek melalui portal.', 19, '', 1, 'SendingOKNoReport', -1, 33, 255, ''),
('2014-09-03 16:46:34', '2014-09-03 16:46:34', '2014-09-03 16:46:34', NULL, '0054006500720069006D00610020004B006100730069006800200061006B0061006E00200073006500670065007200610020006B0061006D0069002000700072006F007300650073', '+628983865323', 'Default_No_Compression', '', '+6281100000', -1, 'Terima Kasih akan segera kami proses', 1013, '', 1, 'SendingOKNoReport', -1, 211, 255, ''),
('2014-09-03 16:46:30', '2014-09-03 16:46:30', '2014-09-03 16:46:30', NULL, '0054006500720069006D00610020004B006100730069006800200061006B0061006E00200073006500670065007200610020006B0061006D0069002000700072006F007300650073', '+628983865323', 'Default_No_Compression', '', '+6281100000', -1, 'Terima Kasih akan segera kami proses', 1009, '', 1, 'SendingOKNoReport', -1, 210, 255, ''),
('2014-09-03 16:46:22', '2014-09-03 16:46:22', '2014-09-03 16:46:22', NULL, '0054006500720069006D00610020004B006100730069006800200061006B0061006E00200073006500670065007200610020006B0061006D0069002000700072006F007300650073', '+628983865323', 'Default_No_Compression', '', '+6281100000', -1, 'Terima Kasih akan segera kami proses', 1008, '', 1, 'SendingOKNoReport', -1, 208, 255, ''),
('2014-09-03 16:46:26', '2014-09-03 16:46:26', '2014-09-03 16:46:26', NULL, '0054006500720069006D00610020004B006100730069006800200061006B0061006E00200073006500670065007200610020006B0061006D0069002000700072006F007300650073', '+628983865323', 'Default_No_Compression', '', '+6281100000', -1, 'Terima Kasih akan segera kami proses', 1010, '', 1, 'SendingOKNoReport', -1, 209, 255, ''),
('2014-09-03 16:46:17', '2014-09-03 16:46:17', '2014-09-03 16:46:17', NULL, '0054006500720069006D00610020004B006100730069006800200061006B0061006E00200073006500670065007200610020006B0061006D0069002000700072006F007300650073', '+628983865323', 'Default_No_Compression', '', '+6281100000', -1, 'Terima Kasih akan segera kami proses', 1007, '', 1, 'SendingOKNoReport', -1, 207, 255, ''),
('2014-09-06 10:08:31', '2014-09-06 10:08:31', '2014-09-06 10:08:31', NULL, '0054006500720069006D00610020004B006100730069006800200061006B0061006E00200073006500670065007200610020006B0061006D0069002000700072006F007300650073', '+6285335038290', 'Default_No_Compression', '', '+6281100000', -1, 'Terima Kasih akan segera kami proses', 1035, '', 1, 'SendingOKNoReport', -1, 233, 255, ''),
('2014-09-06 08:50:42', '2014-09-06 08:50:42', '2014-09-06 08:50:42', NULL, '0046006F0072006D0061007400200073006D0073002000790061006E006700200061006E006400610020006B006900720069006D002000730061006C00610068002E0020005300650073007500610069006B0061006E002000640065006E00670061006E00200066006F0072006D00610074002000790061006E00670020006100640061002E', 'TELKOMSEL', 'Default_No_Compression', '', '+6281100000', -1, 'Format sms yang anda kirim salah. Sesuaikan dengan format yang ada.', 1033, '', 1, 'SendingError', -1, -1, 255, ''),
('2014-09-06 10:08:28', '2014-09-06 10:08:28', '2014-09-06 10:08:28', NULL, '0054006500720069006D00610020004B006100730069006800200061006B0061006E00200073006500670065007200610020006B0061006D0069002000700072006F007300650073', '+6285335038290', 'Default_No_Compression', '', '+6281100000', -1, 'Terima Kasih akan segera kami proses', 1034, '', 1, 'SendingOKNoReport', -1, 232, 255, ''),
('2014-09-06 08:48:40', '2014-09-06 08:48:40', '2014-09-06 08:48:40', NULL, '0046006F0072006D0061007400200073006D0073002000790061006E006700200061006E006400610020006B006900720069006D002000730061006C00610068002E0020005300650073007500610069006B0061006E002000640065006E00670061006E00200066006F0072006D00610074002000790061006E00670020006100640061002E', '+6285335038290', 'Default_No_Compression', '', '+6281100000', -1, 'Format sms yang anda kirim salah. Sesuaikan dengan format yang ada.', 1032, '', 1, 'SendingOKNoReport', -1, 230, 255, ''),
('2014-09-06 08:48:37', '2014-09-06 08:48:37', '2014-09-06 08:48:37', NULL, '0046006F0072006D0061007400200073006D0073002000790061006E006700200061006E006400610020006B006900720069006D002000730061006C00610068002E0020005300650073007500610069006B0061006E002000640065006E00670061006E00200066006F0072006D00610074002000790061006E00670020006100640061002E', '+6285335038290', 'Default_No_Compression', '', '+6281100000', -1, 'Format sms yang anda kirim salah. Sesuaikan dengan format yang ada.', 1031, '', 1, 'SendingOKNoReport', -1, 229, 255, ''),
('2014-09-06 08:48:32', '2014-09-06 08:48:32', '2014-09-06 08:48:32', NULL, '0046006F0072006D0061007400200073006D0073002000790061006E006700200061006E006400610020006B006900720069006D002000730061006C00610068002E0020005300650073007500610069006B0061006E002000640065006E00670061006E00200066006F0072006D00610074002000790061006E00670020006100640061002E', '+628983865323', 'Default_No_Compression', '', '+6281100000', -1, 'Format sms yang anda kirim salah. Sesuaikan dengan format yang ada.', 1030, '', 1, 'SendingOKNoReport', -1, 228, 255, ''),
('2014-09-03 16:51:24', '2014-09-03 16:51:24', '2014-09-03 16:51:24', NULL, '0046006F0072006D0061007400200073006D0073002000790061006E006700200061006E006400610020006B006900720069006D002000730061006C00610068002E0020005300650073007500610069006B0061006E002000640065006E00670061006E00200066006F0072006D00610074002000790061006E00670020006100640061002E', '+628983865323', 'Default_No_Compression', '', '+6281100000', -1, 'Format sms yang anda kirim salah. Sesuaikan dengan format yang ada.', 1023, '', 1, 'SendingOKNoReport', -1, 221, 255, ''),
('2014-09-03 16:36:06', '2014-09-03 16:36:06', '2014-09-03 16:36:06', NULL, '0046006F0072006D0061007400200073006D0073002000790061006E006700200061006E006400610020006B006900720069006D002000730061006C00610068002E0020005300650073007500610069006B0061006E002000640065006E00670061006E00200066006F0072006D00610074002000790061006E00670020006100640061002E', '+6285335038290', 'Default_No_Compression', '', '+6281100000', -1, 'Format sms yang anda kirim salah. Sesuaikan dengan format yang ada.', 996, '', 1, 'SendingOKNoReport', -1, 196, 255, ''),
('2014-08-28 13:36:34', '2014-08-28 13:36:34', '2014-08-28 13:36:34', NULL, '005300610075006400610072006100200041006400690079006100740020004D00750062006100720061006B002C00200074006F00740061006C002000670061006A006900200061006E006400610020006400610072006900200032003000310034002D00300038002D00310031002000730061006D007000610069002000740061006E006700670061006C00200032003000310034002D00300039002D00300039002000640065006E00670061006E0020006A0075006D006C00610068002000700065007200740065006D00750061006E00200032002C0020006100640061006C00610068002000730065006200650073006100720020003200300030003000300030', '08983865323', 'Default_No_Compression', '', '+6281100000', -1, 'Saudara Adiyat Mubarak, total gaji anda dari 2014-08-11 sampai tanggal 2014-09-09 dengan jumlah pertemuan 2, adalah sebesar 200000', 181, '', 1, 'SendingOKNoReport', -1, 47, 255, ''),
('2014-08-28 13:36:37', '2014-08-28 13:36:37', '2014-08-28 13:36:37', NULL, '00530061007500640061007200610020004900730074006900670068002000460061007200690061006E0061002C00200074006F00740061006C002000670061006A006900200061006E006400610020006400610072006900200032003000310034002D00300038002D00310031002000730061006D007000610069002000740061006E006700670061006C00200032003000310034002D00300039002D00300039002000640065006E00670061006E0020006A0075006D006C00610068002000700065007200740065006D00750061006E00200030002C0020006100640061006C006100680020007300650062006500730061007200200030', '0987655677', 'Default_No_Compression', '', '+6281100000', -1, 'Saudara Istigh Fariana, total gaji anda dari 2014-08-11 sampai tanggal 2014-09-09 dengan jumlah pertemuan 0, adalah sebesar 0', 180, '', 1, 'SendingOKNoReport', -1, 48, 255, ''),
('2014-08-28 13:36:41', '2014-08-28 13:36:41', '2014-08-28 13:36:41', NULL, '00530061007500640061007200610020004C00650064007900200046007200690073006300610020004400650073007300790020004C006500730074006100720069002C00200074006F00740061006C002000670061006A006900200061006E006400610020006400610072006900200032003000310034002D00300038002D00310031002000730061006D007000610069002000740061006E006700670061006C00200032003000310034002D00300039002D00300039002000640065006E00670061006E0020006A0075006D006C00610068002000700065007200740065006D00750061006E00200035002C0020006100640061006C00610068002000730065006200650073006100720020003100320030003000300030', '085335038290', 'Default_No_Compression', '', '+6281100000', -1, 'Saudara Ledy Frisca Dessy Lestari, total gaji anda dari 2014-08-11 sampai tanggal 2014-09-09 dengan jumlah pertemuan 5, adalah sebesar 120000', 178, '', 1, 'SendingOKNoReport', -1, 49, 255, ''),
('2014-08-28 13:37:10', '2014-08-28 13:37:10', '2014-08-28 13:37:10', NULL, '00530061007500640061007200610020004C00690064007900610020004E007500720069006E006E0061006800610072002C00200074006F00740061006C002000670061006A006900200061006E006400610020006400610072006900200032003000310034002D00300038002D00310031002000730061006D007000610069002000740061006E006700670061006C00200032003000310034002D00300039002D00300039002000640065006E00670061006E0020006A0075006D006C00610068002000700065007200740065006D00750061006E00200031002C0020006100640061006C0061006800200073006500620065007300610072002000330032003000300030', '09876543', 'Default_No_Compression', '', '+6281100000', -1, 'Saudara Lidya Nurinnahar, total gaji anda dari 2014-08-11 sampai tanggal 2014-09-09 dengan jumlah pertemuan 1, adalah sebesar 32000', 179, '', 1, 'SendingError', -1, -1, 255, ''),
('2014-08-28 13:41:14', '2014-08-28 13:41:14', '2014-08-28 13:41:14', NULL, '005300610075006400610072006100200041006400690079006100740020004D00750062006100720061006B002C00200074006F00740061006C002000670061006A006900200061006E006400610020006400610072006900200032003000310034002D00300038002D00310031002000730061006D007000610069002000740061006E006700670061006C00200032003000310034002D00300039002D00300039002000640065006E00670061006E0020006A0075006D006C00610068002000700065007200740065006D00750061006E00200032002C0020006100640061006C00610068002000730065006200650073006100720020003200300030003000300030', '08983865323', 'Default_No_Compression', '', '+6281100000', -1, 'Saudara Adiyat Mubarak, total gaji anda dari 2014-08-11 sampai tanggal 2014-09-09 dengan jumlah pertemuan 2, adalah sebesar 200000', 185, '', 1, 'SendingOKNoReport', -1, 51, 255, ''),
('2014-08-28 14:03:18', '2014-08-28 14:03:18', '2014-08-28 14:03:18', NULL, '00530061007500640061007200610020004900730074006900670068002000460061007200690061006E0061002C00200074006F00740061006C002000670061006A006900200061006E006400610020006400610072006900200032003000310034002D00300038002D00310031002000730061006D007000610069002000740061006E006700670061006C00200032003000310034002D00300039002D00300039002000640065006E00670061006E0020006A0075006D006C00610068002000700065007200740065006D00750061006E00200030002C0020006100640061006C006100680020007300650062006500730061007200200030', '0987655677', 'Default_No_Compression', '', '+6281100000', -1, 'Saudara Istigh Fariana, total gaji anda dari 2014-08-11 sampai tanggal 2014-09-09 dengan jumlah pertemuan 0, adalah sebesar 0', 188, '', 1, 'SendingOKNoReport', -1, 52, 255, ''),
('2014-08-28 14:03:22', '2014-08-28 14:03:22', '2014-08-28 14:03:22', NULL, '00530061007500640061007200610020004C00650064007900200046007200690073006300610020004400650073007300790020004C006500730074006100720069002C00200074006F00740061006C002000670061006A006900200061006E006400610020006400610072006900200032003000310034002D00300038002D00310031002000730061006D007000610069002000740061006E006700670061006C00200032003000310034002D00300039002D00300039002000640065006E00670061006E0020006A0075006D006C00610068002000700065007200740065006D00750061006E00200035002C0020006100640061006C00610068002000730065006200650073006100720020003100320030003000300030', '085335038290', 'Default_No_Compression', '', '+6281100000', -1, 'Saudara Ledy Frisca Dessy Lestari, total gaji anda dari 2014-08-11 sampai tanggal 2014-09-09 dengan jumlah pertemuan 5, adalah sebesar 120000', 186, '', 1, 'SendingOKNoReport', -1, 53, 255, ''),
('2014-08-28 14:03:26', '2014-08-28 14:03:26', '2014-08-28 14:03:26', NULL, '005300610075006400610072006100200041006400690079006100740020004D00750062006100720061006B002C00200074006F00740061006C002000670061006A006900200061006E006400610020006400610072006900200032003000310034002D00300038002D00310031002000730061006D007000610069002000740061006E006700670061006C00200032003000310034002D00300039002D00300039002000640065006E00670061006E0020006A0075006D006C00610068002000700065007200740065006D00750061006E00200032002C0020006100640061006C00610068002000730065006200650073006100720020003200300030003000300030', '08983865323', 'Default_No_Compression', '', '+6281100000', -1, 'Saudara Adiyat Mubarak, total gaji anda dari 2014-08-11 sampai tanggal 2014-09-09 dengan jumlah pertemuan 2, adalah sebesar 200000', 189, '', 1, 'SendingOKNoReport', -1, 54, 255, ''),
('2014-08-28 14:03:54', '2014-08-28 14:03:54', '2014-08-28 14:03:54', NULL, '00530061007500640061007200610020004C00690064007900610020004E007500720069006E006E0061006800610072002C00200074006F00740061006C002000670061006A006900200061006E006400610020006400610072006900200032003000310034002D00300038002D00310031002000730061006D007000610069002000740061006E006700670061006C00200032003000310034002D00300039002D00300039002000640065006E00670061006E0020006A0075006D006C00610068002000700065007200740065006D00750061006E00200031002C0020006100640061006C0061006800200073006500620065007300610072002000330032003000300030', '09876543', 'Default_No_Compression', '', '+6281100000', -1, 'Saudara Lidya Nurinnahar, total gaji anda dari 2014-08-11 sampai tanggal 2014-09-09 dengan jumlah pertemuan 1, adalah sebesar 32000', 187, '', 1, 'SendingError', -1, -1, 255, ''),
('2014-08-30 14:09:16', '2014-08-30 14:09:16', '2014-08-30 14:09:16', NULL, '0046006F0072006D0061007400200073006D0073002000790061006E006700200061006E006400610020006B006900720069006D002000730061006C00610068002E0020005300650073007500610069006B0061006E002000640065006E00670061006E00200066006F0072006D00610074002000790061006E00670020006100640061002E', '+6285335038290', 'Default_No_Compression', '', '+6281100000', -1, 'Format sms yang anda kirim salah. Sesuaikan dengan format yang ada.', 362, '', 1, 'SendingOKNoReport', -1, 56, 255, ''),
('2014-09-06 10:29:29', '2014-09-06 10:29:29', '2014-09-06 10:29:29', NULL, '0054006500720069006D00610020004B006100730069006800200061006B0061006E00200073006500670065007200610020006B0061006D0069002000700072006F007300650073', '+6285335038290', 'Default_No_Compression', '', '+6281100000', -1, 'Terima Kasih akan segera kami proses', 1056, '', 1, 'SendingOKNoReport', -1, 244, 255, ''),
('2014-09-06 10:29:10', '2014-09-06 10:29:10', '2014-09-06 10:29:10', NULL, '0054006500720069006D00610020004B006100730069006800200061006B0061006E00200073006500670065007200610020006B0061006D0069002000700072006F007300650073', '+6285335038290', 'Default_No_Compression', '', '+6281100000', -1, 'Terima Kasih akan segera kami proses', 1053, '', 1, 'SendingOKNoReport', -1, 242, 255, ''),
('2014-09-06 10:29:13', '2014-09-06 10:29:13', '2014-09-06 10:29:13', NULL, '0054006500720069006D00610020004B006100730069006800200061006B0061006E00200073006500670065007200610020006B0061006D0069002000700072006F007300650073', '+6285335038290', 'Default_No_Compression', '', '+6281100000', -1, 'Terima Kasih akan segera kami proses', 1054, '', 1, 'SendingOKNoReport', -1, 243, 255, ''),
('2014-09-06 10:29:07', '2014-09-06 10:29:07', '2014-09-06 10:29:07', NULL, '0054006500720069006D00610020004B006100730069006800200061006B0061006E00200073006500670065007200610020006B0061006D0069002000700072006F007300650073', '+6285335038290', 'Default_No_Compression', '', '+6281100000', -1, 'Terima Kasih akan segera kami proses', 1052, '', 1, 'SendingOKNoReport', -1, 241, 255, ''),
('2014-09-06 10:28:59', '2014-09-06 10:28:59', '2014-09-06 10:28:59', NULL, '0054006500720069006D00610020004B006100730069006800200061006B0061006E00200073006500670065007200610020006B0061006D0069002000700072006F007300650073', '+6285335038290', 'Default_No_Compression', '', '+6281100000', -1, 'Terima Kasih akan segera kami proses', 1050, '', 1, 'SendingOKNoReport', -1, 239, 255, ''),
('2014-09-06 10:29:04', '2014-09-06 10:29:04', '2014-09-06 10:29:04', NULL, '0054006500720069006D00610020004B006100730069006800200061006B0061006E00200073006500670065007200610020006B0061006D0069002000700072006F007300650073', '+6285335038290', 'Default_No_Compression', '', '+6281100000', -1, 'Terima Kasih akan segera kami proses', 1051, '', 1, 'SendingOKNoReport', -1, 240, 255, ''),
('2014-09-06 10:28:53', '2014-09-06 10:28:53', '2014-09-06 10:28:53', NULL, '0046006F0072006D0061007400200073006D0073002000790061006E006700200061006E006400610020006B006900720069006D002000730061006C00610068002E0020005300650073007500610069006B0061006E002000640065006E00670061006E00200066006F0072006D00610074002000790061006E00670020006100640061002E', '+6285335038290', 'Default_No_Compression', '', '+6281100000', -1, 'Format sms yang anda kirim salah. Sesuaikan dengan format yang ada.', 1048, '', 1, 'SendingOKNoReport', -1, 237, 255, ''),
('2014-09-06 10:28:56', '2014-09-06 10:28:56', '2014-09-06 10:28:56', NULL, '0054006500720069006D00610020004B006100730069006800200061006B0061006E00200073006500670065007200610020006B0061006D0069002000700072006F007300650073', '+6285335038290', 'Default_No_Compression', '', '+6281100000', -1, 'Terima Kasih akan segera kami proses', 1049, '', 1, 'SendingOKNoReport', -1, 238, 255, ''),
('2014-09-06 10:28:49', '2014-09-06 10:28:49', '2014-09-06 10:28:49', NULL, '0046006F0072006D0061007400200073006D0073002000790061006E006700200061006E006400610020006B006900720069006D002000730061006C00610068002E0020005300650073007500610069006B0061006E002000640065006E00670061006E00200066006F0072006D00610074002000790061006E00670020006100640061002E', '+6285335038290', 'Default_No_Compression', '', '+6281100000', -1, 'Format sms yang anda kirim salah. Sesuaikan dengan format yang ada.', 1047, '', 1, 'SendingOKNoReport', -1, 236, 255, ''),
('2014-09-06 10:08:37', '2014-09-06 10:08:37', '2014-09-06 10:08:37', NULL, '0054006500720069006D00610020004B006100730069006800200061006B0061006E00200073006500670065007200610020006B0061006D0069002000700072006F007300650073', '+6285335038290', 'Default_No_Compression', '', '+6281100000', -1, 'Terima Kasih akan segera kami proses', 1037, '', 1, 'SendingOKNoReport', -1, 235, 255, ''),
('2014-09-06 10:08:34', '2014-09-06 10:08:34', '2014-09-06 10:08:34', NULL, '0054006500720069006D00610020004B006100730069006800200061006B0061006E00200073006500670065007200610020006B0061006D0069002000700072006F007300650073', '+6285335038290', 'Default_No_Compression', '', '+6281100000', -1, 'Terima Kasih akan segera kami proses', 1036, '', 1, 'SendingOKNoReport', -1, 234, 255, ''),
('2014-09-03 16:47:04', '2014-09-03 16:47:04', '2014-09-03 16:47:04', NULL, '0054006500720069006D00610020004B006100730069006800200061006B0061006E00200073006500670065007200610020006B0061006D0069002000700072006F007300650073', '+628983865323', 'Default_No_Compression', '', '+6281100000', -1, 'Terima Kasih akan segera kami proses', 1019, '', 1, 'SendingOKNoReport', -1, 219, 255, ''),
('2014-09-03 16:47:08', '2014-09-03 16:47:08', '2014-09-03 16:47:08', NULL, '0054006500720069006D00610020004B006100730069006800200061006B0061006E00200073006500670065007200610020006B0061006D0069002000700072006F007300650073', '+628983865323', 'Default_No_Compression', '', '+6281100000', -1, 'Terima Kasih akan segera kami proses', 1020, '', 1, 'SendingOKNoReport', -1, 220, 255, ''),
('2014-09-03 16:47:00', '2014-09-03 16:47:00', '2014-09-03 16:47:00', NULL, '0054006500720069006D00610020004B006100730069006800200061006B0061006E00200073006500670065007200610020006B0061006D0069002000700072006F007300650073', '+628983865323', 'Default_No_Compression', '', '+6281100000', -1, 'Terima Kasih akan segera kami proses', 1017, '', 1, 'SendingOKNoReport', -1, 218, 255, ''),
('2014-09-03 16:46:56', '2014-09-03 16:46:56', '2014-09-03 16:46:56', NULL, '0054006500720069006D00610020004B006100730069006800200061006B0061006E00200073006500670065007200610020006B0061006D0069002000700072006F007300650073', '+628983865323', 'Default_No_Compression', '', '+6281100000', -1, 'Terima Kasih akan segera kami proses', 1018, '', 1, 'SendingOKNoReport', -1, 217, 255, ''),
('2014-09-03 16:46:49', '2014-09-03 16:46:49', '2014-09-03 16:46:49', NULL, '0054006500720069006D00610020004B006100730069006800200061006B0061006E00200073006500670065007200610020006B0061006D0069002000700072006F007300650073', '+628983865323', 'Default_No_Compression', '', '+6281100000', -1, 'Terima Kasih akan segera kami proses', 1014, '', 1, 'SendingOKNoReport', -1, 215, 255, ''),
('2014-09-03 16:46:52', '2014-09-03 16:46:52', '2014-09-03 16:46:52', NULL, '0054006500720069006D00610020004B006100730069006800200061006B0061006E00200073006500670065007200610020006B0061006D0069002000700072006F007300650073', '+628983865323', 'Default_No_Compression', '', '+6281100000', -1, 'Terima Kasih akan segera kami proses', 1015, '', 1, 'SendingOKNoReport', -1, 216, 255, ''),
('2014-09-03 16:46:38', '2014-09-03 16:46:38', '2014-09-03 16:46:38', NULL, '0054006500720069006D00610020004B006100730069006800200061006B0061006E00200073006500670065007200610020006B0061006D0069002000700072006F007300650073', '+628983865323', 'Default_No_Compression', '', '+6281100000', -1, 'Terima Kasih akan segera kami proses', 1012, '', 1, 'SendingOKNoReport', -1, 212, 255, ''),
('2014-09-03 16:46:41', '2014-09-03 16:46:41', '2014-09-03 16:46:41', NULL, '0054006500720069006D00610020004B006100730069006800200061006B0061006E00200073006500670065007200610020006B0061006D0069002000700072006F007300650073', '+628983865323', 'Default_No_Compression', '', '+6281100000', -1, 'Terima Kasih akan segera kami proses', 1011, '', 1, 'SendingOKNoReport', -1, 213, 255, ''),
('2014-09-03 16:46:45', '2014-09-03 16:46:45', '2014-09-03 16:46:45', NULL, '0054006500720069006D00610020004B006100730069006800200061006B0061006E00200073006500670065007200610020006B0061006D0069002000700072006F007300650073', '+628983865323', 'Default_No_Compression', '', '+6281100000', -1, 'Terima Kasih akan segera kami proses', 1016, '', 1, 'SendingOKNoReport', -1, 214, 255, ''),
('2014-08-31 12:52:10', '2014-08-31 12:52:10', '2014-08-31 12:52:10', NULL, '0046006F0072006D0061007400200073006D0073002000790061006E006700200061006E006400610020006B006900720069006D002000730061006C00610068002E0020005300650073007500610069006B0061006E002000640065006E00670061006E00200066006F0072006D00610074002000790061006E00670020006100640061002E', '+6285335038290', 'Default_No_Compression', '', '+6281100000', -1, 'Format sms yang anda kirim salah. Sesuaikan dengan format yang ada.', 382, '', 1, 'SendingOKNoReport', -1, 81, 255, ''),
('2014-09-06 10:29:32', '2014-09-06 10:29:32', '2014-09-06 10:29:32', NULL, '0054006500720069006D00610020004B006100730069006800200061006B0061006E00200073006500670065007200610020006B0061006D0069002000700072006F007300650073', '+6285335038290', 'Default_No_Compression', '', '+6281100000', -1, 'Terima Kasih akan segera kami proses', 1057, '', 1, 'SendingOKNoReport', -1, 245, 255, ''),
('2014-09-06 10:29:35', '2014-09-06 10:29:35', '2014-09-06 10:29:35', NULL, '0054006500720069006D00610020004B006100730069006800200061006B0061006E00200073006500670065007200610020006B0061006D0069002000700072006F007300650073', '+6285335038290', 'Default_No_Compression', '', '+6281100000', -1, 'Terima Kasih akan segera kami proses', 1058, '', 1, 'SendingOKNoReport', -1, 246, 255, ''),
('2014-09-06 10:29:38', '2014-09-06 10:29:38', '2014-09-06 10:29:38', NULL, '0054006500720069006D00610020004B006100730069006800200061006B0061006E00200073006500670065007200610020006B0061006D0069002000700072006F007300650073', '+6285335038290', 'Default_No_Compression', '', '+6281100000', -1, 'Terima Kasih akan segera kami proses', 1059, '', 1, 'SendingOKNoReport', -1, 247, 255, ''),
('2014-09-06 10:29:42', '2014-09-06 10:29:42', '2014-09-06 10:29:42', NULL, '0054006500720069006D00610020004B006100730069006800200061006B0061006E00200073006500670065007200610020006B0061006D0069002000700072006F007300650073', '+6285335038290', 'Default_No_Compression', '', '+6281100000', -1, 'Terima Kasih akan segera kami proses', 1060, '', 1, 'SendingOKNoReport', -1, 248, 255, ''),
('2014-09-06 10:29:45', '2014-09-06 10:29:45', '2014-09-06 10:29:45', NULL, '0054006500720069006D00610020004B006100730069006800200061006B0061006E00200073006500670065007200610020006B0061006D0069002000700072006F007300650073', '+6285335038290', 'Default_No_Compression', '', '+6281100000', -1, 'Terima Kasih akan segera kami proses', 1061, '', 1, 'SendingOKNoReport', -1, 249, 255, ''),
('2014-09-06 10:29:48', '2014-09-06 10:29:48', '2014-09-06 10:29:48', NULL, '0054006500720069006D00610020004B006100730069006800200061006B0061006E00200073006500670065007200610020006B0061006D0069002000700072006F007300650073', '+6285335038290', 'Default_No_Compression', '', '+6281100000', -1, 'Terima Kasih akan segera kami proses', 1062, '', 1, 'SendingOKNoReport', -1, 250, 255, ''),
('2014-09-06 10:29:51', '2014-09-06 10:29:51', '2014-09-06 10:29:51', NULL, '0054006500720069006D00610020004B006100730069006800200061006B0061006E00200073006500670065007200610020006B0061006D0069002000700072006F007300650073', '+6285335038290', 'Default_No_Compression', '', '+6281100000', -1, 'Terima Kasih akan segera kami proses', 1063, '', 1, 'SendingOKNoReport', -1, 251, 255, ''),
('2014-09-06 10:30:30', '2014-09-06 10:30:30', '2014-09-06 10:30:30', NULL, '0054006500720069006D00610020004B006100730069006800200061006B0061006E00200073006500670065007200610020006B0061006D0069002000700072006F007300650073', '+6285335038290', 'Default_No_Compression', '', '+6281100000', -1, 'Terima Kasih akan segera kami proses', 1055, '', 1, 'SendingOKNoReport', -1, 252, 255, ''),
('2014-09-06 10:30:34', '2014-09-06 10:30:34', '2014-09-06 10:30:34', NULL, '0046006F0072006D0061007400200073006D0073002000790061006E006700200061006E006400610020006B006900720069006D002000730061006C00610068002E0020005300650073007500610069006B0061006E002000640065006E00670061006E00200066006F0072006D00610074002000790061006E00670020006100640061002E', '+6285335038290', 'Default_No_Compression', '', '+6281100000', -1, 'Format sms yang anda kirim salah. Sesuaikan dengan format yang ada.', 1070, '', 1, 'SendingOKNoReport', -1, 253, 255, ''),
('2014-09-06 10:31:40', '2014-09-06 10:31:40', '2014-09-06 10:31:40', NULL, '0054006500720069006D00610020004B006100730069006800200061006B0061006E00200073006500670065007200610020006B0061006D0069002000700072006F007300650073', '+6285335038290', 'Default_No_Compression', '', '+6281100000', -1, 'Terima Kasih akan segera kami proses', 1071, '', 1, 'SendingOKNoReport', -1, 254, 255, ''),
('2014-09-06 10:36:14', '2014-09-06 10:36:14', '2014-09-06 10:36:14', NULL, '0054006500720069006D00610020004B006100730069006800200061006B0061006E00200073006500670065007200610020006B0061006D0069002000700072006F007300650073', '+6285335038290', 'Default_No_Compression', '', '+6281100000', -1, 'Terima Kasih akan segera kami proses', 1072, '', 1, 'SendingOKNoReport', -1, 255, 255, ''),
('2014-09-06 10:36:17', '2014-09-06 10:36:17', '2014-09-06 10:36:17', NULL, '0054006500720069006D00610020004B006100730069006800200061006B0061006E00200073006500670065007200610020006B0061006D0069002000700072006F007300650073', '+6285335038290', 'Default_No_Compression', '', '+6281100000', -1, 'Terima Kasih akan segera kami proses', 1073, '', 1, 'SendingOKNoReport', -1, 0, 255, ''),
('2014-09-06 10:36:20', '2014-09-06 10:36:20', '2014-09-06 10:36:20', NULL, '0054006500720069006D00610020004B006100730069006800200061006B0061006E00200073006500670065007200610020006B0061006D0069002000700072006F007300650073', '+6285335038290', 'Default_No_Compression', '', '+6281100000', -1, 'Terima Kasih akan segera kami proses', 1074, '', 1, 'SendingOKNoReport', -1, 1, 255, ''),
('2014-09-06 10:36:23', '2014-09-06 10:36:23', '2014-09-06 10:36:23', NULL, '0054006500720069006D00610020004B006100730069006800200061006B0061006E00200073006500670065007200610020006B0061006D0069002000700072006F007300650073', '+6285335038290', 'Default_No_Compression', '', '+6281100000', -1, 'Terima Kasih akan segera kami proses', 1075, '', 1, 'SendingOKNoReport', -1, 2, 255, ''),
('2014-09-06 10:36:26', '2014-09-06 10:36:26', '2014-09-06 10:36:26', NULL, '0054006500720069006D00610020004B006100730069006800200061006B0061006E00200073006500670065007200610020006B0061006D0069002000700072006F007300650073', '+6285335038290', 'Default_No_Compression', '', '+6281100000', -1, 'Terima Kasih akan segera kami proses', 1076, '', 1, 'SendingOKNoReport', -1, 3, 255, ''),
('2014-09-06 10:36:29', '2014-09-06 10:36:29', '2014-09-06 10:36:29', NULL, '0054006500720069006D00610020004B006100730069006800200061006B0061006E00200073006500670065007200610020006B0061006D0069002000700072006F007300650073', '+6285335038290', 'Default_No_Compression', '', '+6281100000', -1, 'Terima Kasih akan segera kami proses', 1077, '', 1, 'SendingOKNoReport', -1, 4, 255, ''),
('2014-09-06 10:36:32', '2014-09-06 10:36:32', '2014-09-06 10:36:32', NULL, '0054006500720069006D00610020004B006100730069006800200061006B0061006E00200073006500670065007200610020006B0061006D0069002000700072006F007300650073', '+6285335038290', 'Default_No_Compression', '', '+6281100000', -1, 'Terima Kasih akan segera kami proses', 1078, '', 1, 'SendingOKNoReport', -1, 5, 255, ''),
('2014-09-06 10:36:35', '2014-09-06 10:36:35', '2014-09-06 10:36:35', NULL, '0054006500720069006D00610020004B006100730069006800200061006B0061006E00200073006500670065007200610020006B0061006D0069002000700072006F007300650073', '+6285335038290', 'Default_No_Compression', '', '+6281100000', -1, 'Terima Kasih akan segera kami proses', 1079, '', 1, 'SendingOKNoReport', -1, 6, 255, ''),
('2014-09-06 10:36:38', '2014-09-06 10:36:38', '2014-09-06 10:36:38', NULL, '0054006500720069006D00610020004B006100730069006800200061006B0061006E00200073006500670065007200610020006B0061006D0069002000700072006F007300650073', '+6285335038290', 'Default_No_Compression', '', '+6281100000', -1, 'Terima Kasih akan segera kami proses', 1080, '', 1, 'SendingOKNoReport', -1, 7, 255, ''),
('2014-09-06 10:36:41', '2014-09-06 10:36:41', '2014-09-06 10:36:41', NULL, '0054006500720069006D00610020004B006100730069006800200061006B0061006E00200073006500670065007200610020006B0061006D0069002000700072006F007300650073', '+6285335038290', 'Default_No_Compression', '', '+6281100000', -1, 'Terima Kasih akan segera kami proses', 1081, '', 1, 'SendingOKNoReport', -1, 8, 255, ''),
('2014-09-06 10:36:44', '2014-09-06 10:36:44', '2014-09-06 10:36:44', NULL, '0054006500720069006D00610020004B006100730069006800200061006B0061006E00200073006500670065007200610020006B0061006D0069002000700072006F007300650073', '+6285335038290', 'Default_No_Compression', '', '+6281100000', -1, 'Terima Kasih akan segera kami proses', 1082, '', 1, 'SendingOKNoReport', -1, 9, 255, ''),
('2014-09-06 10:36:47', '2014-09-06 10:36:47', '2014-09-06 10:36:47', NULL, '0054006500720069006D00610020004B006100730069006800200061006B0061006E00200073006500670065007200610020006B0061006D0069002000700072006F007300650073', '+6285335038290', 'Default_No_Compression', '', '+6281100000', -1, 'Terima Kasih akan segera kami proses', 1083, '', 1, 'SendingOKNoReport', -1, 10, 255, ''),
('2014-09-06 10:42:51', '2014-09-06 10:42:51', '2014-09-06 10:42:51', NULL, '0054006500720069006D00610020004B006100730069006800200061006B0061006E00200073006500670065007200610020006B0061006D0069002000700072006F007300650073', '+6285335038290', 'Default_No_Compression', '', '+6281100000', -1, 'Terima Kasih akan segera kami proses', 1084, '', 1, 'SendingOKNoReport', -1, 11, 255, ''),
('2014-09-06 10:42:54', '2014-09-06 10:42:54', '2014-09-06 10:42:54', NULL, '0054006500720069006D00610020004B006100730069006800200061006B0061006E00200073006500670065007200610020006B0061006D0069002000700072006F007300650073', '+6285335038290', 'Default_No_Compression', '', '+6281100000', -1, 'Terima Kasih akan segera kami proses', 1085, '', 1, 'SendingOKNoReport', -1, 12, 255, ''),
('2014-09-06 10:42:58', '2014-09-06 10:42:58', '2014-09-06 10:42:58', NULL, '0054006500720069006D00610020004B006100730069006800200061006B0061006E00200073006500670065007200610020006B0061006D0069002000700072006F007300650073', '+6285335038290', 'Default_No_Compression', '', '+6281100000', -1, 'Terima Kasih akan segera kami proses', 1086, '', 1, 'SendingOKNoReport', -1, 13, 255, ''),
('2014-09-06 11:47:22', '2014-09-06 11:47:22', '2014-09-06 11:47:22', NULL, '0054006500720069006D00610020004B006100730069006800200061006B0061006E00200073006500670065007200610020006B0061006D0069002000700072006F007300650073', '+6285335038290', 'Default_No_Compression', '', '+6281100000', -1, 'Terima Kasih akan segera kami proses', 1087, '', 1, 'SendingOKNoReport', -1, 14, 255, ''),
('2014-09-06 11:48:27', '2014-09-06 11:48:27', '2014-09-06 11:48:27', NULL, '0046006F0072006D0061007400200073006D0073002000790061006E006700200061006E006400610020006B006900720069006D002000730061006C00610068002E0020005300650073007500610069006B0061006E002000640065006E00670061006E00200066006F0072006D00610074002000790061006E00670020006100640061002E', '+6285335038290', 'Default_No_Compression', '', '+6281100000', -1, 'Format sms yang anda kirim salah. Sesuaikan dengan format yang ada.', 1088, '', 1, 'SendingOKNoReport', -1, 15, 255, ''),
('2014-09-06 11:49:02', '2014-09-06 11:49:02', '2014-09-06 11:49:02', NULL, '0054006500720069006D00610020004B006100730069006800200061006B0061006E00200073006500670065007200610020006B0061006D0069002000700072006F007300650073', '+6285335038290', 'Default_No_Compression', '', '+6281100000', -1, 'Terima Kasih akan segera kami proses', 1089, '', 1, 'SendingOKNoReport', -1, 16, 255, ''),
('2014-09-03 16:32:40', '2014-09-03 16:32:40', '2014-09-03 16:32:40', NULL, '004A0061006400770061006C00200061006E00640061002000740065006C00610068002000740065007200730065006400690061002E002000530069006C00610068006B0061006E002000630065006B0020006D0065006C0061006C0075006900200070006F007200740061006C002E', '089739182749', 'Default_No_Compression', '', '+6281100000', -1, 'Jadwal anda telah tersedia. Silahkan cek melalui portal.', 995, '', 1, 'SendingOKNoReport', -1, 190, 255, ''),
('2014-09-03 16:32:44', '2014-09-03 16:32:44', '2014-09-03 16:32:44', NULL, '004A0061006400770061006C00200061006E00640061002000740065006C00610068002000740065007200730065006400690061002E002000530069006C00610068006B0061006E002000630065006B0020006D0065006C0061006C0075006900200070006F007200740061006C002E', '089754678655', 'Default_No_Compression', '', '+6281100000', -1, 'Jadwal anda telah tersedia. Silahkan cek melalui portal.', 994, '', 1, 'SendingOKNoReport', -1, 191, 255, ''),
('2014-09-03 16:32:48', '2014-09-03 16:32:48', '2014-09-03 16:32:48', NULL, '004A0061006400770061006C00200061006E00640061002000740065006C00610068002000740065007200730065006400690061002E002000530069006C00610068006B0061006E002000630065006B0020006D0065006C0061006C0075006900200070006F007200740061006C002E', '09878987878', 'Default_No_Compression', '', '+6281100000', -1, 'Jadwal anda telah tersedia. Silahkan cek melalui portal.', 993, '', 1, 'SendingOKNoReport', -1, 192, 255, ''),
('2014-09-03 16:32:52', '2014-09-03 16:32:52', '2014-09-03 16:32:52', NULL, '004A0061006400770061006C00200061006E00640061002000740065006C00610068002000740065007200730065006400690061002E002000530069006C00610068006B0061006E002000630065006B0020006D0065006C0061006C0075006900200070006F007200740061006C002E', '098765432', 'Default_No_Compression', '', '+6281100000', -1, 'Jadwal anda telah tersedia. Silahkan cek melalui portal.', 992, '', 1, 'SendingOKNoReport', -1, 193, 255, ''),
('2014-09-03 16:33:24', '2014-09-03 16:33:24', '2014-09-03 16:33:24', NULL, '004A0061006400770061006C00200061006E00640061002000740065006C00610068002000740065007200730065006400690061002E002000530069006C00610068006B0061006E002000630065006B0020006D0065006C0061006C0075006900200070006F007200740061006C002E', '085478978567', 'Default_No_Compression', '', '+6281100000', -1, 'Jadwal anda telah tersedia. Silahkan cek melalui portal.', 991, '', 1, 'SendingError', -1, -1, 255, ''),
('2014-09-03 16:33:28', '2014-09-03 16:33:28', '2014-09-03 16:33:28', NULL, '004A0061006400770061006C00200061006E00640061002000740065006C00610068002000740065007200730065006400690061002E002000530069006C00610068006B0061006E002000630065006B0020006D0065006C0061006C0075006900200070006F007200740061006C002E', '085335038290', 'Default_No_Compression', '', '+6281100000', -1, 'Jadwal anda telah tersedia. Silahkan cek melalui portal.', 986, '', 1, 'SendingOKNoReport', -1, 195, 255, '');

--
-- Triggers `sentitems`
--
DROP TRIGGER IF EXISTS `sentitems_timestamp`;
DELIMITER //
CREATE TRIGGER `sentitems_timestamp` BEFORE INSERT ON `sentitems`
 FOR EACH ROW BEGIN
    IF NEW.InsertIntoDB = '0000-00-00 00:00:00' THEN
        SET NEW.InsertIntoDB = CURRENT_TIMESTAMP();
    END IF;
    IF NEW.SendingDateTime = '0000-00-00 00:00:00' THEN
        SET NEW.SendingDateTime = CURRENT_TIMESTAMP();
    END IF;
END
//
DELIMITER ;

-- --------------------------------------------------------

--
-- Table structure for table `slot`
--

CREATE TABLE IF NOT EXISTS `slot` (
  `idslot` int(11) NOT NULL AUTO_INCREMENT,
  `slot` int(2) NOT NULL,
  PRIMARY KEY (`idslot`)
) ENGINE=InnoDB  DEFAULT CHARSET=latin1 AUTO_INCREMENT=12 ;

--
-- Dumping data for table `slot`
--

INSERT INTO `slot` (`idslot`, `slot`) VALUES
(1, 1),
(2, 2),
(3, 3),
(4, 4),
(5, 5),
(6, 6),
(7, 7),
(8, 8),
(9, 9),
(10, 10),
(11, 0);

-- --------------------------------------------------------

--
-- Table structure for table `sms_helper`
--

CREATE TABLE IF NOT EXISTS `sms_helper` (
  `id` int(11) NOT NULL AUTO_INCREMENT,
  `tanggal_hari_ini` varchar(15) DEFAULT '0',
  `status_kirim` enum('0','1') DEFAULT '0',
  PRIMARY KEY (`id`)
) ENGINE=InnoDB  DEFAULT CHARSET=latin1 AUTO_INCREMENT=30 ;

--
-- Dumping data for table `sms_helper`
--

INSERT INTO `sms_helper` (`id`, `tanggal_hari_ini`, `status_kirim`) VALUES
(5, '2014-07-21', '1'),
(6, '2014-08-04', '1'),
(7, '2014-08-05', '1'),
(8, '2014-08-06', '1'),
(9, '2014-08-07', '1'),
(10, '2014-08-08', '1'),
(11, '2014-08-12', '1'),
(12, '2014-08-13', '1'),
(13, '2014-08-14', '1'),
(14, '2014-08-15', '1'),
(15, '2014-08-16', '1'),
(16, '2014-08-17', '1'),
(17, '2014-08-18', '1'),
(18, '2014-08-19', '1'),
(19, '2014-08-20', '1'),
(20, '2014-08-21', '1'),
(21, '2014-08-22', '1'),
(22, '2014-08-23', '1'),
(23, '2014-08-24', '1'),
(24, '2014-08-25', '1'),
(25, '2014-08-26', '1'),
(26, '2014-08-27', '1'),
(27, '2014-08-28', '1'),
(28, '2014-08-29', '1'),
(29, '2014-08-30', '1');

-- --------------------------------------------------------

--
-- Table structure for table `subprogram`
--

CREATE TABLE IF NOT EXISTS `subprogram` (
  `idsubprog` varchar(10) NOT NULL,
  `nmsubprog` varchar(30) NOT NULL,
  `durasi` varchar(9) NOT NULL,
  `gelombang` varchar(1) NOT NULL,
  `idprogram` varchar(10) NOT NULL,
  PRIMARY KEY (`idsubprog`),
  KEY `FK_subprogram_program` (`idprogram`)
) ENGINE=InnoDB DEFAULT CHARSET=latin1;

--
-- Dumping data for table `subprogram`
--

INSERT INTO `subprogram` (`idsubprog`, `nmsubprog`, `durasi`, `gelombang`, `idprogram`) VALUES
('SPR01', 'Pronunciation Stage I', '2 Minggu', 'A', 'PR252'),
('SPR02', 'Pronunciation Stage II', '2 Minggu', 'A', 'PR252'),
('SPR03', 'Vocabulary I', '2 minggu', 'A', 'VC324'),
('SPR04', 'Vocabulary II', '2 minggu', 'A', 'VC324'),
('SPR05', 'Elementary Stage', '2 minggu', 'A', 'SP253'),
('SPR06', 'Talk More', '2 minggu', 'A', 'SP253'),
('SPR07', 'Office', '1 bulan', 'A', 'OP213'),
('SPR08', 'English Corner', '2 Minggu', 'A', 'PR252'),
('SPR09', 'Confidence', '2 minggu', 'A', 'PR252'),
('SPR10', 'Grammar for Speaking', '2 Minggu', 'A', 'SP253'),
('SPR11', 'Academic Speaking', '2 Minggu', 'A', 'SP253'),
('SPR12', 'Ear Waves', '2 Minggu', 'A', 'SP253'),
('SPR13', 'Dynamic Speaking', '1 Bulan', 'A', 'SP253'),
('SPR14', 'Speaking Therapy', '1 Bulan', 'A', 'SP253'),
('SPR15', 'BP1 Exercise', '2 Minggu', 'A', 'TO367'),
('SPR16', 'BP2 Exercise', '2 Minggu', 'A', 'TO367'),
('SPR17', 'Pre TOEFL (ITP)', '1 Bulan', 'A', 'TO367'),
('SPR18', 'Pre TOEFL (IBT)', '2 Minggu', 'A', 'TO367'),
('SPR19', 'TOEFL (ITP)', '1 Bulan', 'A', 'TO367'),
('SPR20', 'IELTS', '2 Minggu', 'A', 'TO367');

--
-- Constraints for dumped tables
--

--
-- Constraints for table `absensi`
--
ALTER TABLE `absensi`
  ADD CONSTRAINT `FK_absensi_jadwal` FOREIGN KEY (`idjadwal`) REFERENCES `jadwal` (`idjadwal`),
  ADD CONSTRAINT `FK_absensi_pegawai` FOREIGN KEY (`idpeg`) REFERENCES `pegawai` (`idpeg`);

--
-- Constraints for table `gaji`
--
ALTER TABLE `gaji`
  ADD CONSTRAINT `FK_gaji_pegawai` FOREIGN KEY (`idpeg`) REFERENCES `pegawai` (`idpeg`) ON DELETE CASCADE ON UPDATE CASCADE;

--
-- Constraints for table `jadwal`
--
ALTER TABLE `jadwal`
  ADD CONSTRAINT `FK_jadwal_ruang` FOREIGN KEY (`idruang`) REFERENCES `ruang` (`idruang`),
  ADD CONSTRAINT `FK_jadwal_slot` FOREIGN KEY (`idslot`) REFERENCES `slot` (`idslot`),
  ADD CONSTRAINT `FK_jadwal_subprogram` FOREIGN KEY (`idsubprog`) REFERENCES `subprogram` (`idsubprog`);

--
-- Constraints for table `kesediaan`
--
ALTER TABLE `kesediaan`
  ADD CONSTRAINT `FK_kesediaan_jadwal` FOREIGN KEY (`idjadwal`) REFERENCES `jadwal` (`idjadwal`),
  ADD CONSTRAINT `FK_kesediaan_pegawai` FOREIGN KEY (`idpeg`) REFERENCES `pegawai` (`idpeg`) ON DELETE CASCADE ON UPDATE CASCADE;

--
-- Constraints for table `list_nominal`
--
ALTER TABLE `list_nominal`
  ADD CONSTRAINT `FK_list_nominal_subprogram` FOREIGN KEY (`idsubprog`) REFERENCES `subprogram` (`idsubprog`);

--
-- Constraints for table `memiliki`
--
ALTER TABLE `memiliki`
  ADD CONSTRAINT `FK_memiliki_list__nominal` FOREIGN KEY (`idlistnominal`) REFERENCES `list_nominal` (`idlistnominal`),
  ADD CONSTRAINT `FK_memiliki_pegawai` FOREIGN KEY (`idpeg`) REFERENCES `pegawai` (`idpeg`);

--
-- Constraints for table `subprogram`
--
ALTER TABLE `subprogram`
  ADD CONSTRAINT `FK_subprogram_program` FOREIGN KEY (`idprogram`) REFERENCES `program` (`idprogram`);

/*!40101 SET CHARACTER_SET_CLIENT=@OLD_CHARACTER_SET_CLIENT */;
/*!40101 SET CHARACTER_SET_RESULTS=@OLD_CHARACTER_SET_RESULTS */;
/*!40101 SET COLLATION_CONNECTION=@OLD_COLLATION_CONNECTION */;
